title,url,container,rating,# ratings
Thirty But Seventeen,https://www.viki.com/tv/36109c-thirty-but-seventeen,36109c,9.58,7368
Fates and Furies,https://www.viki.com/tv/36240c-fates-and-furies,36240c,9.14,1401
The Last Empress,https://www.viki.com/tv/36241c-the-last-empress,36241c,9.45,3858
Encounter,https://www.viki.com/tv/36239c-encounter,36239c,9.59,5436
My Strange Hero,https://www.viki.com/tv/36330c-my-strange-hero,36330c,9.56,2239
What’s Wrong With Secretary Kim,https://www.viki.com/tv/35835c-whats-wrong-with-secretary-kim,35835c,9.72,34379
Devilish Joy,https://www.viki.com/tv/35734c-devilish-joy,35734c,9.13,1144
I Am Not a Robot,https://www.viki.com/tv/35618c-i-am-not-a-robot,35618c,9.67,27406
Suspicious Partner,https://www.viki.com/tv/34557c-suspicious-partner,34557c,9.63,20347
Weightlifting Fairy Kim Bok Joo,https://www.viki.com/tv/32634c-weightlifting-fairy-kim-bok-joo,32634c,9.75,28575
My Only One,https://www.viki.com/tv/36230c-my-only-one,36230c,9.12,526
W,https://www.viki.com/tv/30854c-w,30854c,9.69,33448
The Crowned Clown,https://www.viki.com/tv/36414c-the-crowned-clown,36414c,9.76,687
Running Man,https://www.viki.com/tv/21511c-running-man,21511c,9.31,3426
Strong Woman Do Bong Soon,https://www.viki.com/tv/32311c-strong-woman-do-bong-soon,32311c,9.77,38162
The Legend of the Blue Sea,https://www.viki.com/tv/32240c-the-legend-of-the-blue-sea,32240c,9.6,24612
While You Were Sleeping,https://www.viki.com/tv/33538c-while-you-were-sleeping,33538c,9.68,28369
Descendants of the Sun,https://www.viki.com/tv/23205c-descendants-of-the-sun,23205c,9.75,30414
Where Stars Land,https://www.viki.com/tv/36298c-where-stars-land,36298c,9.25,6409
Oh My Venus,https://www.viki.com/tv/28538c-oh-my-venus,28538c,9.65,20124
A Pledge to God,https://www.viki.com/tv/36331c-a-pledge-to-god,36331c,9.11,362
Hwarang,https://www.viki.com/tv/29810c-hwarang,29810c,9.61,18220
My Love From the Star,https://www.viki.com/tv/20503c-my-love-from-the-star,20503c,9.63,16227
Revenge Note 2,https://www.viki.com/tv/36317c-revenge-note-2,36317c,9.33,2748
Boys Over Flowers,https://www.viki.com/tv/50c-boys-over-flowers,50c,9.43,19475
Tempted,https://www.viki.com/tv/35783c-tempted,35783c,9.33,9695
Healer,https://www.viki.com/tv/23730c-healer,23730c,9.77,12866
Father Is Strange,https://www.viki.com/tv/33878c-father-is-strange,33878c,9.69,3977
Fated to Love You,https://www.viki.com/tv/23484c-fated-to-love-you,23484c,9.55,8184
My Healing Love,https://www.viki.com/tv/36232c-my-healing-love,36232c,8.91,293
Because This Is My First Life,https://www.viki.com/tv/35630c-because-this-is-my-first-life,35630c,9.66,12558
The Smile Has Left Your Eyes,https://www.viki.com/tv/36185c-the-smile-has-left-your-eyes,36185c,9.56,8152
Pinocchio,https://www.viki.com/tv/23066c-pinocchio,23066c,9.51,14473
Just Between Lovers,https://www.viki.com/tv/35617c-just-between-lovers,35617c,9.63,13412
Wok of Love,https://www.viki.com/tv/35838c-wok-of-love,35838c,9.36,6718
Fight My Way,https://www.viki.com/tv/34479c-fight-my-way,34479c,9.62,10196
Doctors,https://www.viki.com/tv/31066c-doctors,31066c,9.3,11689
Moonlight Drawn by Clouds,https://www.viki.com/tv/30308c-moonlight-drawn-by-clouds,30308c,9.63,9152
Hwayugi,https://www.viki.com/tv/35620c-hwayugi,35620c,9.65,11822
Come and Hug Me,https://www.viki.com/tv/35834c-come-and-hug-me,35834c,9.49,5072
Children of Nobody,https://www.viki.com/tv/36329c-children-of-nobody,36329c,9.56,572
When Time Stopped,https://www.viki.com/tv/36111c-when-time-stopped,36111c,9.35,9088
Secret Garden,https://www.viki.com/tv/1565c-secret-garden,1565c,9.38,6844
"Coffee, Do Me a Favor",https://www.viki.com/tv/36112c-coffee-do-me-a-favor,36112c,8.18,798
"Rich Man, Poor Woman",https://www.viki.com/tv/35744c-rich-man-poor-woman,35744c,8.85,9893
Feel Good To Die,https://www.viki.com/tv/36328c-feel-good-to-die,36328c,9.32,546
Blood,https://www.viki.com/tv/24437c-blood,24437c,9.18,7517
Goong,https://www.viki.com/tv/72c-goong,72c,9.1,3018
UNDER NINETEEN,https://www.viki.com/tv/36337c-under-nineteen,36337c,9.45,277
School 2017,https://www.viki.com/tv/35518c-school-2017,35518c,9.39,6078
Who Are You,https://www.viki.com/tv/27117c-who-are-you,27117c,9.38,9860
Hotel King,https://www.viki.com/tv/22543c-hotel-king,22543c,9.26,1355
Mama Fairy and the Woodcutter,https://www.viki.com/tv/36187c-mama-fairy-and-the-woodcutter,36187c,8.55,1642
Playful Kiss,https://www.viki.com/tv/504c-playful-kiss,504c,9.03,8996
Witch's Love,https://www.viki.com/tv/36108c-witchs-love,36108c,9.3,7531
Revenge Note 1,https://www.viki.com/tv/36316c-revenge-note-1,36316c,9.34,1944
Kill Me Heal Me,https://www.viki.com/tv/22811c-kill-me-heal-me,22811c,9.73,11705
Master’s Sun,https://www.viki.com/tv/11915c-masters-sun,11915c,9.57,8208
Dong Yi,https://www.viki.com/tv/651c-dong-yi,651c,9.55,1019
Coffee Prince,https://www.viki.com/tv/247c-coffee-prince,247c,9.43,4953
Love Alert,https://www.viki.com/tv/36299c-love-alert,36299c,8.29,2346
The Best Chicken,https://www.viki.com/tv/36350c-the-best-chicken,36350c,8.95,337
Hi! School - Love On,https://www.viki.com/tv/23987c-hi-school-love-on,23987c,9.24,4323
To the Beautiful You,https://www.viki.com/tv/3475c-to-the-beautiful-you,3475c,9.15,6140
Master in the House,https://www.viki.com/tv/35759c-master-in-the-house,35759c,9.76,1511
Cunning Single Lady,https://www.viki.com/tv/21937c-cunning-single-lady,21937c,9.39,3346
Radio Romance,https://www.viki.com/tv/35737c-radio-romance,35737c,9.27,5946
The Return of Superman,https://www.viki.com/tv/24715c-the-return-of-superman,24715c,9.01,635
A Hundred Years' Inheritance,https://www.viki.com/tv/11432c-a-hundred-years-inheritance,11432c,8.91,404
The Moon Embracing the Sun,https://www.viki.com/tv/2130c-the-moon-embracing-the-sun,2130c,9.55,3134
About Time,https://www.viki.com/tv/35745c-about-time,35745c,9.01,5363
Doctor Stranger,https://www.viki.com/tv/22343c-doctor-stranger,22343c,9.06,6722
Lawless Lawyer,https://www.viki.com/tv/35833c-lawless-lawyer,35833c,9.67,6657
Cheese In The Trap,https://www.viki.com/tv/23141c-cheese-in-the-trap,23141c,8.73,6242
Dear Fair Lady Kong Shim,https://www.viki.com/tv/30484c-dear-fair-lady-kong-shim,30484c,9.46,6826
The Undateables,https://www.viki.com/tv/35839c-the-undateables,35839c,9.15,4594
Home Alone,https://www.viki.com/tv/35553c-home-alone,35553c,9.25,253
Shopping King Louie,https://www.viki.com/tv/32198c-shopping-king-louie,32198c,9.51,7244
The K2,https://www.viki.com/tv/31865c-the-k2,31865c,9.32,2441
Emergency Couple,https://www.viki.com/tv/22330c-emergency-couple,22330c,9.19,2712
My Golden Life,https://www.viki.com/tv/35590c-my-golden-life,35590c,9.25,1885
2 Days and 1 Night,https://www.viki.com/tv/2151c-2-days-and-1-night,2151c,9.5,491
You’re Beautiful,https://www.viki.com/tv/442c-youre-beautiful,442c,9.23,6567
My Little Old Boy,https://www.viki.com/tv/35555c-my-little-old-boy,35555c,9.31,167
Five Children,https://www.viki.com/tv/29279c-five-children,29279c,9.65,2057
Wind-bell,https://www.viki.com/tv/36300c-wind-bell,36300c,9.08,93
Twelve Nights,https://www.viki.com/tv/36183c-twelve-nights,36183c,8.24,1481
I Hear Your Voice,https://www.viki.com/tv/12147c-i-hear-your-voice,12147c,9.41,5863
Angry Mom,https://www.viki.com/tv/26546c-angry-mom,26546c,9.52,2139
"Hyde, Jekyll, Me",https://www.viki.com/tv/25824c-hyde-jekyll-me,25824c,8.87,2715
Reply 1988,https://www.viki.com/tv/26576c-reply-1988,26576c,9.64,2404
The Flower in Prison,https://www.viki.com/tv/29937c-the-flower-in-prison,29937c,9.24,1228
Law of the Jungle,https://www.viki.com/tv/22682c-law-of-the-jungle,22682c,9.26,348
Good Doctor,https://www.viki.com/tv/20218c-good-doctor,20218c,9.63,1680
High Society,https://www.viki.com/tv/27124c-high-society,27124c,8.55,3790
Marry Me Now,https://www.viki.com/tv/35782c-marry-me-now,35782c,8.9,1096
Less than Evil,https://www.viki.com/tv/36238c-less-than-evil,36238c,8.79,106
"Jang Geum, Oh My Grandma",https://www.viki.com/tv/36234c-jang-geum-oh-my-grandma,36234c,9.11,227
Little House in the Forest,https://www.viki.com/tv/36314c-little-house-in-the-forest,36314c,9.26,113
Liver or Die,https://www.viki.com/tv/36419c-liver-or-die,36419c,8.89,47
Lovely Horribly,https://www.viki.com/tv/36180c-lovely-horribly,36180c,9.06,3237
Sungkyunkwan Scandal,https://www.viki.com/tv/1205c-sungkyunkwan-scandal,1205c,9.38,2119
Romantic Doctor Kim,https://www.viki.com/tv/32754c-romantic-doctor-kim,32754c,9.61,2792
My Name Is Kim Sam Soon,https://www.viki.com/tv/1476c-my-name-is-kim-sam-soon,1476c,9.31,1903
The Girl Who Sees Smells,https://www.viki.com/tv/26605c-the-girl-who-sees-smells,26605c,9.2,3818
Mask,https://www.viki.com/tv/26139c-mask,26139c,9.33,1942
Remember,https://www.viki.com/tv/29411c-remember,29411c,9.58,4151
"Bring It On, Ghost",https://www.viki.com/tv/31699c-bring-it-on-ghost,31699c,9.3,1601
Jugglers,https://www.viki.com/tv/35610c-jugglers,35610c,9.37,1967
Oh My Ghostess,https://www.viki.com/tv/27709c-oh-my-ghostess,27709c,9.4,4408
Shining Inheritance,https://www.viki.com/tv/270c-shining-inheritance,270c,9.07,1776
Wednesday 3:30 PM,https://www.viki.com/tv/35498c-wednesday-330-pm,35498c,9.44,4180
Grand Prince,https://www.viki.com/tv/35743c-grand-prince,35743c,9.27,2588
I Have a Lover,https://www.viki.com/tv/28227c-i-have-a-lover,28227c,9.38,2431
Familiar Wife,https://www.viki.com/tv/35862c-familiar-wife,35862c,9.38,1923
Jewel in the Palace,https://www.viki.com/tv/614c-jewel-in-the-palace,614c,9.67,914
Orange Marmalade,https://www.viki.com/tv/26963c-orange-marmalade,26963c,8.54,3203
Another Oh Hae Young,https://www.viki.com/tv/30913c-another-oh-hae-young,30913c,9.4,3668
Dream High,https://www.viki.com/tv/902c-dream-high,902c,9.2,2817
Time,https://www.viki.com/tv/36065c-time,36065c,9.23,1510
The Player,https://www.viki.com/tv/36186c-the-player,36186c,9.6,1121
The Ghost Detective,https://www.viki.com/tv/36181c-the-ghost-detective,36181c,9.31,1128
Full House,https://www.viki.com/tv/24722c-full-house,24722c,9.12,1634
THE FAN,https://www.viki.com/tv/36382c-the-fan,36382c,9.43,74
Monster,https://www.viki.com/tv/29774c-monster,29774c,8.96,1507
The Real Men 300,https://www.viki.com/tv/36263c-the-real-men-300,36263c,9.05,236
Jumong,https://www.viki.com/tv/29543c-jumong,29543c,9.48,291
Your Honor,https://www.viki.com/tv/36113c-your-honor,36113c,9.45,2326
"Please Come Back, Mister",https://www.viki.com/tv/29912c-please-come-back-mister,29912c,9.38,3864
The King of Mask Singer,https://www.viki.com/tv/32022c-the-king-of-mask-singer,32022c,8.62,175
"Marriage, Not Dating",https://www.viki.com/tv/23905c-marriage-not-dating,23905c,9.32,3327
The Innocent Man,https://www.viki.com/tv/7995c-the-innocent-man,7995c,9.24,3248
She Was Pretty,https://www.viki.com/tv/28448c-she-was-pretty,28448c,9.5,18629
Yi San,https://www.viki.com/tv/29542c-yi-san,29542c,9.25,284
Queen for Seven Days,https://www.viki.com/tv/35042c-queen-for-seven-days,35042c,9.47,2566
MAD DOG,https://www.viki.com/tv/35613c-mad-dog,35613c,9.63,1557
School 2013,https://www.viki.com/tv/10704c-school-2013,10704c,9.27,2255
Chief Kim,https://www.viki.com/tv/32747c-chief-kim,32747c,9.56,2109
Rebel: Thief Who Stole the People,https://www.viki.com/tv/30926c-rebel-thief-who-stole-the-people,30926c,9.7,1410
Lucky Romance,https://www.viki.com/tv/31137c-lucky-romance,31137c,9.32,5697
The Rich Son,https://www.viki.com/tv/35786c-the-rich-son,35786c,8.13,616
Jang Bo Ri Is Here,https://www.viki.com/tv/22824c-jang-bo-ri-is-here,22824c,9.22,651
Beautiful Mind,https://www.viki.com/tv/25909c-beautiful-mind,25909c,9.61,4412
Big,https://www.viki.com/tv/7359c-big,7359c,8.47,1700
Glamorous Temptation,https://www.viki.com/tv/28621c-glamorous-temptation,28621c,8.91,1221
Your House Helper,https://www.viki.com/tv/36107c-your-house-helper,36107c,9.26,1265
You Are The Best,https://www.viki.com/tv/10456c-you-are-the-best,10456c,8.98,830
Let Me Introduce Her,https://www.viki.com/tv/36118c-let-me-introduce-her,36118c,9.29,1547
The Guardian,https://www.viki.com/tv/34418c-the-guardian,34418c,9.4,1082
Into the World Again,https://www.viki.com/tv/35485c-into-the-world-again,35485c,9.32,1490
I Order You,https://www.viki.com/tv/27842c-i-order-you,27842c,8.95,1946
Chicago Typewriter,https://www.viki.com/tv/34406c-chicago-typewriter,34406c,9.72,4043
The Great Doctor,https://www.viki.com/tv/1058c-the-great-doctor,1058c,9.36,3312
Creating Destiny,https://www.viki.com/tv/501c-creating-destiny,501c,9.11,619
Marriage Contract,https://www.viki.com/tv/30292c-marriage-contract,30292c,9.6,3276
Heartstrings,https://www.viki.com/tv/3327c-heartstrings,3327c,9.12,3007
Hide and Seek,https://www.viki.com/tv/36119c-hide-and-seek,36119c,8.76,514
Six Flying Dragons,https://www.viki.com/tv/26480c-six-flying-dragons,26480c,9.65,1697
A Gentleman’s Dignity,https://www.viki.com/tv/6108c-a-gentlemans-dignity,6108c,9.56,1601
High Kick Through the Roof,https://www.viki.com/tv/29497c-high-kick-through-the-roof,29497c,8.91,148
The Great Queen Seon Deok,https://www.viki.com/tv/281c-the-great-queen-seon-deok,281c,9.44,466
Dream High 2,https://www.viki.com/tv/3548c-dream-high-2,3548c,8.49,1587
The King Loves,https://www.viki.com/tv/33338c-the-king-loves,33338c,8.72,2639
The King 2 Hearts,https://www.viki.com/tv/3870c-the-king-2-hearts,3870c,9.49,1377
The Good Witch,https://www.viki.com/tv/35784c-the-good-witch,35784c,8.86,1867
Flower Boy Ramyun Shop,https://www.viki.com/tv/8862c-flower-boy-ramyun-shop,8862c,8.62,815
Bad Papa,https://www.viki.com/tv/36233c-bad-papa,36233c,9.46,386
"Ms Ma, Nemesis",https://www.viki.com/tv/36235c-ms-ma-nemesis,36235c,9.49,592
Jackpot,https://www.viki.com/tv/30213c-jackpot,30213c,9.54,1738
"My Lawyer, Mr. Joe 2: Crime and ...",https://www.viki.com/tv/36242c-my-lawyer-mr-joe-2-crime-and-punishment,36242c,8.33,30
Just Dance,https://www.viki.com/tv/36297c-just-dance,36297c,9.3,153
Witch’s Court,https://www.viki.com/tv/35614c-witchs-court,35614c,9.31,1169
Mother,https://www.viki.com/tv/35736c-mother,35736c,9.89,3634
Melo Holic,https://www.viki.com/tv/35632c-melo-holic,35632c,8.92,2622
Bel Ami,https://www.viki.com/tv/20416c-bel-ami,20416c,8.18,1283
A Thousand Kisses,https://www.viki.com/tv/4779c-a-thousand-kisses,4779c,8.59,374
My Lovely Girl,https://www.viki.com/tv/24522c-my-lovely-girl,24522c,7.79,1382
Black Knight,https://www.viki.com/tv/35672c-black-knight,35672c,8.42,2365
Secret Love,https://www.viki.com/tv/20714c-secret-love,20714c,9.49,3127
Pride and Prejudice,https://www.viki.com/tv/24381c-pride-and-prejudice,24381c,8.98,592
Let's Eat 3,https://www.viki.com/tv/35863c-lets-eat-3,35863c,9.06,576
The Man Living in Our House,https://www.viki.com/tv/32369c-the-man-living-in-our-house,32369c,8.94,1436
Go Back Couple,https://www.viki.com/tv/35637c-go-back-couple,35637c,9.57,1776
Should We Kiss First,https://www.viki.com/tv/35793c-should-we-kiss-first,35793c,9.05,676
Heart Surgeons,https://www.viki.com/tv/36231c-heart-surgeons,36231c,9.36,501
Money Flower,https://www.viki.com/tv/35612c-money-flower,35612c,9.52,1317
Goodbye Mr. Black,https://www.viki.com/tv/28665c-goodbye-mr-black,28665c,9.29,1369
Tunnel,https://www.viki.com/tv/33747c-tunnel,33747c,9.7,1079
Room No. 9,https://www.viki.com/tv/36229c-room-no-9,36229c,9.38,368
My Princess,https://www.viki.com/tv/1254c-my-princess,1254c,8.96,1311
Arang and the Magistrate,https://www.viki.com/tv/7265c-arang-and-the-magistrate,7265c,9.31,1146
All About My Mom,https://www.viki.com/tv/28071c-all-about-my-mom,28071c,9.47,1424
It’s Dangerous Beyond The Blankets,https://www.viki.com/tv/35855c-its-dangerous-beyond-the-blankets,35855c,9.71,809
Shine or Be Mad,https://www.viki.com/tv/25665c-shine-or-be-mad,25665c,9.22,693
A Witch's Romance,https://www.viki.com/tv/22847c-a-witchs-romance,22847c,9.21,1389
"It’s Okay, That’s Love",https://www.viki.com/tv/22719c-its-okay-thats-love,22719c,9.62,4641
Splash Splash Love,https://www.viki.com/tv/29455c-splash-splash-love,29455c,9.67,9413
The Manager,https://www.viki.com/tv/36312c-the-manager,36312c,9.6,30
Pasta,https://www.viki.com/tv/652c-pasta,652c,8.98,711
The Greatest Love,https://www.viki.com/tv/3246c-the-greatest-love,3246c,9.42,1175
Dokgo Rewind,https://www.viki.com/tv/36301c-dokgo-rewind,36301c,9.48,2164
Switch,https://www.viki.com/tv/35780c-switch,35780c,9.51,2150
Discovery of Love,https://www.viki.com/tv/23969c-discovery-of-love,23969c,8.98,694
We Got Married,https://www.viki.com/tv/32472c-we-got-married,32472c,7.76,298
Lie to Me,https://www.viki.com/tv/3301c-lie-to-me,3301c,9.08,2486
Rosy Lovers,https://www.viki.com/tv/24841c-rosy-lovers,24841c,8.74,224
20th Century Boy and Girl,https://www.viki.com/tv/35566c-20th-century-boy-and-girl,35566c,9.39,865
"Village Survival, the Eight",https://www.viki.com/tv/36338c-village-survival-the-eight,36338c,9.47,238
The Village Achiara’s Secret,https://www.viki.com/tv/28762c-the-village-achiaras-secret,28762c,9.33,1906
Unstoppable High Kick,https://www.viki.com/tv/29540c-unstoppable-high-kick,29540c,9.29,94
Laurel Tree Tailors,https://www.viki.com/tv/31894c-laurel-tree-tailors,31894c,9.33,631
Signal,https://www.viki.com/tv/26896c-signal,26896c,9.64,638
Mirror of the Witch,https://www.viki.com/tv/31011c-mirror-of-the-witch,31011c,9.29,3499
Newlywed Diary S2,https://www.viki.com/tv/36315c-newlywed-diary-s2,36315c,9.36,11
King of High School,https://www.viki.com/tv/23729c-king-of-high-school,23729c,9.1,1328
Warm and Cozy,https://www.viki.com/tv/26329c-warm-and-cozy,26329c,8.96,1354
Can You Hear My Heart?,https://www.viki.com/tv/2994c-can-you-hear-my-heart,2994c,9.42,1168
Neighborhood Lawyer Jo Deul Ho,https://www.viki.com/tv/30330c-neighborhood-lawyer-jo-deul-ho,30330c,9.53,387
Happy Together,https://www.viki.com/tv/28738c-happy-together,28738c,8.44,139
"My Husband, Mr. Oh!",https://www.viki.com/tv/35779c-my-husband-mr-oh,35779c,8.92,963
"Bad Thief, Good Thief",https://www.viki.com/tv/35480c-bad-thief-good-thief,35480c,9.23,732
Babyfaced Beauty,https://www.viki.com/tv/3307c-babyfaced-beauty,3307c,8.74,400
Dr. Jin,https://www.viki.com/tv/7238c-dr-jin,7238c,8.82,415
Our Gap Soon,https://www.viki.com/tv/32504c-our-gap-soon,32504c,8.43,837
Full House Take 2,https://www.viki.com/tv/536c-full-house-take-2,536c,8.75,953
"That Winter, The Wind Blows",https://www.viki.com/tv/10519c-that-winter-the-wind-blows,10519c,9.19,1673
May Queen,https://www.viki.com/tv/8768c-may-queen,8768c,9.16,446
The Night Watchman,https://www.viki.com/tv/23594c-the-night-watchman,23594c,8.62,410
The Legendary Witch,https://www.viki.com/tv/24709c-the-legendary-witch,24709c,9.38,269
Defendant,https://www.viki.com/tv/32810c-defendant,32810c,9.72,2034
Partners for Justice,https://www.viki.com/tv/35879c-partners-for-justice,35879c,8.93,620
Gu Family Book,https://www.viki.com/tv/10936c-gu-family-book,10936c,9.6,2544
Inspiring Generation,https://www.viki.com/tv/20024c-inspiring-generation,20024c,9.45,993
The Scholar Who Walks the Night,https://www.viki.com/tv/23125c-the-scholar-who-walks-the-night,23125c,9.41,2386
Whisper,https://www.viki.com/tv/33856c-whisper,33856c,9.38,1028
Two Cops,https://www.viki.com/tv/35661c-two-cops,35661c,8.73,1017
Angel Eyes,https://www.viki.com/tv/22452c-angel-eyes,22452c,9.09,1825
K-POP Extreme Survival,https://www.viki.com/tv/7209c-k-pop-extreme-survival,7209c,8.76,1496
THE Producers,https://www.viki.com/tv/26853c-the-producers,26853c,8.35,964
Matrimonial Chaos,https://www.viki.com/tv/36236c-matrimonial-chaos,36236c,9.18,290
Protect the Boss,https://www.viki.com/tv/4407c-protect-the-boss,4407c,9.12,1332
Medical Top Team,https://www.viki.com/tv/12710c-medical-top-team,12710c,8.95,413
My Fair Lady,https://www.viki.com/tv/336c-my-fair-lady,336c,8.88,528
Feast of the Gods,https://www.viki.com/tv/6438c-feast-of-the-gods,6438c,8.56,153
Return,https://www.viki.com/tv/35750c-return,35750c,8.7,628
On the Way to the Airport,https://www.viki.com/tv/31963c-on-the-way-to-the-airport,31963c,9.42,1202
Rooftop Prince,https://www.viki.com/tv/6784c-rooftop-prince,6784c,9.4,2736
Entertainer,https://www.viki.com/tv/31039c-entertainer,31039c,9.18,2269
Surplus Princess,https://www.viki.com/tv/22542c-surplus-princess,22542c,8.62,1271
Gunman In Joseon,https://www.viki.com/tv/22743c-gunman-in-joseon,22743c,9.19,385
Page Turner,https://www.viki.com/tv/28056c-page-turner,28056c,9.59,3033
Kimcheed Radish,https://www.viki.com/tv/804c-kimcheed-radish,804c,9.01,138
The Master Key,https://www.viki.com/tv/35655c-the-master-key,35655c,9.06,235
Secret Love Affair,https://www.viki.com/tv/23235c-secret-love-affair,23235c,9.19,734
Cheer Up!,https://www.viki.com/tv/28848c-cheer-up,28848c,9.58,9127
Reply 1994,https://www.viki.com/tv/11397c-reply-1994,11397c,9.03,528
Thank You,https://www.viki.com/tv/23991c-thank-you,23991c,9.48,557
The Unit,https://www.viki.com/tv/35656c-the-unit,35656c,9.28,471
Triangle,https://www.viki.com/tv/22789c-triangle,22789c,9.38,471
Bubblegum,https://www.viki.com/tv/28600c-bubblegum,28600c,8.76,387
Newlywed Diary S1,https://www.viki.com/tv/35877c-newlywed-diary-s1,35877c,9.54,610
Gye Baek,https://www.viki.com/tv/29554c-gye-baek,29554c,9.17,99
BTS Comeback Show,https://www.viki.com/tv/35595c-bts-comeback-show,35595c,9.76,4299
Queen of Mystery,https://www.viki.com/tv/34253c-queen-of-mystery,34253c,9.44,926
The Thorn Birds,https://www.viki.com/tv/2837c-the-thorn-birds,2837c,8.82,146
I am Your Teacher,https://www.viki.com/tv/29076c-i-am-your-teacher,29076c,7.51,454
Immortal Songs,https://www.viki.com/tv/32509c-immortal-songs,32509c,9.05,44
Nightmare Teacher,https://www.viki.com/tv/29226c-nightmare-teacher,29226c,9.27,1886
Judge vs. Judge,https://www.viki.com/tv/35700c-judge-vs-judge,35700c,8.78,900
"Saimdang, Light's Diary",https://www.viki.com/tv/25434c-saimdang-lights-diary,25434c,9.31,623
King’s Doctor,https://www.viki.com/tv/35572c-kings-doctor,35572c,9.12,104
East of Eden,https://www.viki.com/tv/21c-east-of-eden,21c,9.15,196
Imaginary Cat,https://www.viki.com/tv/29392c-imaginary-cat,29392c,9.24,1565
The Merchant: Gaekju 2015,https://www.viki.com/tv/28166c-the-merchant-gaekju-2015,28166c,8.77,244
Moorim School,https://www.viki.com/tv/27773c-moorim-school,27773c,9.41,8779
Sister Is Alive,https://www.viki.com/tv/35048c-sister-is-alive,35048c,9.02,650
Youn's Kitchen 2,https://www.viki.com/tv/35872c-youns-kitchen-2,35872c,9.73,594
Voice,https://www.viki.com/tv/33162c-voice,33162c,9.5,912
Fantastic,https://www.viki.com/tv/32715c-fantastic,32715c,9.26,721
Hooray for Love,https://www.viki.com/tv/3846c-hooray-for-love,3846c,8.59,111
Goodbye to Goodbye,https://www.viki.com/tv/35864c-goodbye-to-goodbye,35864c,9.03,195
Rebel Detectives 2,https://www.viki.com/tv/36321c-rebel-detectives-2,36321c,9.03,151
"I Do, I Do",https://www.viki.com/tv/6625c-i-do-i-do,6625c,8.89,567
Radio Star,https://www.viki.com/tv/32470c-radio-star,32470c,6.26,69
Vampire Detective,https://www.viki.com/tv/29192c-vampire-detective,29192c,8.96,881
Three Meals a Day: Seaside Ranch,https://www.viki.com/tv/35876c-three-meals-a-day-seaside-ranch,35876c,9.79,303
Squad 38,https://www.viki.com/tv/30632c-squad-38,30632c,9.51,646
The Miracle,https://www.viki.com/tv/32739c-the-miracle,32739c,8.1,1131
"Me Too, Flower!",https://www.viki.com/tv/5753c-me-too-flower,5753c,8.99,711
"Jung Yi, the Goddess of Fire",https://www.viki.com/tv/9343c-jung-yi-the-goddess-of-fire,9343c,8.85,331
The Man in the Mask,https://www.viki.com/tv/26913c-the-man-in-the-mask,26913c,8.27,197
Scandal: A Shocking and Wrongful...,https://www.viki.com/tv/20171c-scandal-a-shocking-and-wrongful-incident,20171c,9.55,146
The King’s Face,https://www.viki.com/tv/24782c-the-kings-face,24782c,9.05,270
Oh My Geum Bi,https://www.viki.com/tv/33373c-oh-my-geum-bi,33373c,9.63,521
Gloria,https://www.viki.com/tv/1426c-gloria,1426c,9.14,49
Dancing High,https://www.viki.com/tv/36216c-dancing-high,36216c,9.43,232
Bad Guys,https://www.viki.com/tv/23423c-bad-guys,23423c,9.69,1445
Panda and Hedgehog,https://www.viki.com/tv/7776c-panda-and-hedgehog,7776c,8.75,1220
Memory,https://www.viki.com/tv/29639c-memory,29639c,9.74,219
Hwangjini,https://www.viki.com/tv/35527c-hwangjini,35527c,8.96,112
The Gang Doctor,https://www.viki.com/tv/27693c-the-gang-doctor,27693c,9.11,1534
Secret Agent Miss Oh,https://www.viki.com/tv/1258c-secret-agent-miss-oh,1258c,8.99,196
Assorted Gems,https://www.viki.com/tv/559c-assorted-gems,559c,8.98,46
Twinkle Twinkle,https://www.viki.com/tv/29552c-twinkle-twinkle,29552c,8.91,57
Giant,https://www.viki.com/tv/1274c-giant,1274c,9.48,188
Kim Soo Ro,https://www.viki.com/tv/1116c-kim-soo-ro,1116c,9.33,97
Man Who Sets the Table,https://www.viki.com/tv/35589c-man-who-sets-the-table,35589c,7.65,355
Ghost,https://www.viki.com/tv/8112c-ghost,8112c,9.28,803
Secret Mother,https://www.viki.com/tv/35869c-secret-mother,35869c,9.2,366
Hot and Sweet,https://www.viki.com/tv/35563c-hot-and-sweet,35563c,8.64,1040
Queen of Mystery 2,https://www.viki.com/tv/35796c-queen-of-mystery-2,35796c,8.82,805
My Secret Hotel,https://www.viki.com/tv/24615c-my-secret-hotel,24615c,8.66,600
Woman With a Suitcase,https://www.viki.com/tv/31037c-woman-with-a-suitcase,31037c,9.15,604
Twenty Again,https://www.viki.com/tv/27283c-twenty-again,27283c,9.16,429
Solomon’s Perjury,https://www.viki.com/tv/33359c-solomons-perjury,33359c,9.59,922
After School Club,https://www.viki.com/tv/24004c-after-school-club,24004c,8.68,311
My Heart Twinkle Twinkle,https://www.viki.com/tv/25936c-my-heart-twinkle-twinkle,25936c,8.73,151
"I’m Sorry, I Love You",https://www.viki.com/tv/35860c-im-sorry-i-love-you,35860c,8.82,236
Five Fingers,https://www.viki.com/tv/9753c-five-fingers,9753c,9,214
Liar Game,https://www.viki.com/tv/25478c-liar-game,25478c,9.4,881
Second to Last Love,https://www.viki.com/tv/31433c-second-to-last-love,31433c,9.13,477
Golden Time,https://www.viki.com/tv/7858c-golden-time,7858c,8.65,112
Which Star Are You From,https://www.viki.com/tv/29466c-which-star-are-you-from,29466c,9.05,285
Perfect Wife,https://www.viki.com/tv/33813c-perfect-wife,33813c,8.43,514
Wanna One Go: Zero Base,https://www.viki.com/tv/35873c-wanna-one-go-zero-base,35873c,9.71,180
Untouchable,https://www.viki.com/tv/35619c-untouchable,35619c,9.03,746
2018 SBS Drama Awards,https://www.viki.com/tv/36434c-2018-sbs-drama-awards,36434c,8.23,22
Unexpected Heroes,https://www.viki.com/tv/35795c-unexpected-heroes,35795c,8.4,696
My Beautiful Bride,https://www.viki.com/tv/27499c-my-beautiful-bride,27499c,9.19,105
Drinking Solo,https://www.viki.com/tv/30229c-drinking-solo,30229c,8.66,253
The Spring Day of My Life,https://www.viki.com/tv/24239c-the-spring-day-of-my-life,24239c,9.02,198
2018 KBS Drama Special,https://www.viki.com/tv/36454c-2018-kbs-drama-special,36454c,9.43,7
I Really Really Like You,https://www.viki.com/tv/29538c-i-really-really-like-you,29538c,8.88,129
"Oh, the Mysterious",https://www.viki.com/tv/35702c-oh-the-mysterious,35702c,8.89,582
Prime Minister and I,https://www.viki.com/tv/21282c-prime-minister-and-i,21282c,8.72,535
All About Eve,https://www.viki.com/tv/1975c-all-about-eve,1975c,9.35,177
Rebel Detectives,https://www.viki.com/tv/35668c-rebel-detectives,35668c,8.9,334
My Beloved Sister,https://www.viki.com/tv/29534c-my-beloved-sister,29534c,8.27,33
Delicious Proposal,https://www.viki.com/tv/29468c-delicious-proposal,29468c,8.34,103
Bravo My Life,https://www.viki.com/tv/35611c-bravo-my-life,35611c,8.91,304
A Love to Kill,https://www.viki.com/tv/29085c-a-love-to-kill,29085c,8.95,337
Infinite Challenge,https://www.viki.com/tv/32469c-infinite-challenge,32469c,7.28,96
Tree With Deep Roots,https://www.viki.com/tv/1585c-tree-with-deep-roots,1585c,9.19,313
Simply K-pop,https://www.viki.com/tv/24571c-simply-k-pop,24571c,8.39,85
The Facetale: Cinderia,https://www.viki.com/tv/33803c-the-facetale-cinderia,33803c,7.66,428
It’s Dangerous Beyond The Blanke...,https://www.viki.com/tv/35592c-its-dangerous-beyond-the-blankets-special,35592c,9.49,346
Here Comes Trouble S4,https://www.viki.com/tv/35875c-here-comes-trouble-s4,35875c,9.72,202
Incomplete Life,https://www.viki.com/tv/20812c-incomplete-life,20812c,9.69,595
Oh! My Lady,https://www.viki.com/tv/35541c-oh-my-lady,35541c,8.72,131
Heard It Through the Grapevine,https://www.viki.com/tv/25870c-heard-it-through-the-grapevine,25870c,9.04,222
2018 Idol Star Athletics Champio...,https://www.viki.com/tv/35797c-2018-idol-star-athletics-championships-new-year-special,35797c,8.26,84
Fireworks,https://www.viki.com/tv/10742c-fireworks,10742c,8.15,86
Because It's The First Time,https://www.viki.com/tv/28403c-because-its-the-first-time,28403c,8.75,629
Goong S,https://www.viki.com/tv/29461c-goong-s,29461c,7.15,214
Endless Love,https://www.viki.com/tv/23306c-endless-love,23306c,8.28,156
Master of Study,https://www.viki.com/tv/779c-master-of-study,779c,8.91,199
Couple Fantasy,https://www.viki.com/tv/29c-couple-fantasy,29c,9.15,194
Star In My Heart,https://www.viki.com/tv/29462c-star-in-my-heart,29462c,9.26,182
Mama,https://www.viki.com/tv/23893c-mama,23893c,9.53,134
Ms. Temper & Nam Jung Gi,https://www.viki.com/tv/30700c-ms-temper-nam-jung-gi,30700c,9.2,687
Neighborhood Hero,https://www.viki.com/tv/28880c-neighborhood-hero,28880c,8.52,168
First Love of a Royal Prince,https://www.viki.com/tv/29491c-first-love-of-a-royal-prince,29491c,8.14,92
Midas,https://www.viki.com/tv/2086c-midas,2086c,8.89,130
Manhole,https://www.viki.com/tv/35496c-manhole,35496c,8.66,1130
Sister's Slam Dunk,https://www.viki.com/tv/32508c-sisters-slam-dunk,32508c,9.46,121
2018 KBS Song Festival,https://www.viki.com/tv/36440c-2018-kbs-song-festival,36440c,9.38,63
Choco Bank,https://www.viki.com/tv/30543c-choco-bank,30543c,8.78,407
Two Weeks,https://www.viki.com/tv/20014c-two-weeks,20014c,9.56,740
City Hall,https://www.viki.com/tv/249c-city-hall,249c,9.43,359
Fantastic Duo 2,https://www.viki.com/tv/35547c-fantastic-duo-2,35547c,8.64,53
The Virtual Bride,https://www.viki.com/tv/28380c-the-virtual-bride,28380c,8.8,387
You Drive Me Crazy,https://www.viki.com/tv/35878c-you-drive-me-crazy,35878c,9.02,670
Matching! Boys Archery,https://www.viki.com/tv/35562c-matching-boys-archery,35562c,9.01,484
Country Princess,https://www.viki.com/tv/29469c-country-princess,29469c,8.3,67
Miss Korea,https://www.viki.com/tv/21182c-miss-korea,21182c,8.68,163
Yu Huiyeol’s Sketchbook,https://www.viki.com/tv/36121c-yu-huiyeols-sketchbook,36121c,9.42,12
Temptation,https://www.viki.com/tv/24164c-temptation,24164c,8.12,199
SBS Inkigayo,https://www.viki.com/tv/21497c-sbs-inkigayo,21497c,8.93,161
Pied Piper,https://www.viki.com/tv/29741c-pied-piper,29741c,9.45,221
Pink Lipstick,https://www.viki.com/tv/29551c-pink-lipstick,29551c,8.24,46
AD Genius Lee TaeBaek,https://www.viki.com/tv/11669c-ad-genius-lee-taebaek,11669c,8.31,88
The Return of Iljimae,https://www.viki.com/tv/29547c-the-return-of-iljimae,29547c,8.61,110
Damo,https://www.viki.com/tv/3472c-damo,3472c,8.73,121
Mrs. Cop 2,https://www.viki.com/tv/30535c-mrs-cop-2,30535c,8.42,89
"Still, Marry Me",https://www.viki.com/tv/746c-still-marry-me,746c,8.96,211
Robber,https://www.viki.com/tv/35537c-robber,35537c,8.6,73
Hidden Identity,https://www.viki.com/tv/27263c-hidden-identity,27263c,8.96,91
Spring Turns to Spring,https://www.viki.com/tv/36420c-spring-turns-to-spring,36420c,9.31,29
Flames of Desire,https://www.viki.com/tv/1448c-flames-of-desire,1448c,8.12,42
My Little Baby,https://www.viki.com/tv/30580c-my-little-baby,30580c,9.08,474
What's Up Fox?,https://www.viki.com/tv/29485c-whats-up-fox,29485c,8.95,171
Naked Fireman,https://www.viki.com/tv/33954c-naked-fireman,33954c,9.42,479
The Last Scandal of My Life,https://www.viki.com/tv/1375c-the-last-scandal-of-my-life,1375c,9.03,118
Pets GO! Doggy Trip,https://www.viki.com/tv/36441c-pets-go-doggy-trip,36441c,8.71,7
Single Wife,https://www.viki.com/tv/35495c-single-wife,35495c,6.47,219
Showbiz Korea,https://www.viki.com/tv/24569c-showbiz-korea,24569c,8.53,40
Battle Trip,https://www.viki.com/tv/36120c-battle-trip,36120c,7.8,20
Hotelier,https://www.viki.com/tv/29470c-hotelier,29470c,8.17,53
2018 MBC Music Festival,https://www.viki.com/tv/36435c-2018-mbc-music-festival,36435c,9.09,23
Triple,https://www.viki.com/tv/356c-triple,356c,7.41,79
Love in Memory,https://www.viki.com/tv/36246c-love-in-memory,36246c,7.49,72
Special Laws of Romance,https://www.viki.com/tv/35667c-special-laws-of-romance,35667c,8.56,281
2018 Idol Star Athletics Champio...,https://www.viki.com/tv/36264c-2018-idol-star-athletics-championships-chuseok-special,36264c,9.1,48
2018 Soribada Best K-Music Awards,https://www.viki.com/tv/36249c-2018-soribada-best-k-music-awards,36249c,6.57,119
The Duo,https://www.viki.com/tv/29553c-the-duo,29553c,8.63,57
Love in Time,https://www.viki.com/tv/36247c-love-in-time,36247c,7.39,46
My Life's Golden Age,https://www.viki.com/tv/29483c-my-lifes-golden-age,29483c,8.84,32
Photo People in Tokyo,https://www.viki.com/tv/36196c-photo-people-in-tokyo,36196c,9.59,172
Mrs. Cop,https://www.viki.com/tv/27512c-mrs-cop,27512c,9.24,205
Song Ji Hyo's Beautiful Life,https://www.viki.com/tv/36155c-song-ji-hyos-beautiful-life,36155c,9.41,138
What’s With Money?,https://www.viki.com/tv/35564c-whats-with-money,35564c,8.02,262
"Take Care of Us, Captain",https://www.viki.com/tv/5442c-take-care-of-us-captain,5442c,8.96,239
The Empress,https://www.viki.com/tv/5302c-the-empress,5302c,8.45,152
2018 SBS Gayo Daejeon_Music Fest...,https://www.viki.com/tv/36436c-2018-sbs-gayo-daejeon_music-festival,36436c,9.44,80
Attic Cat,https://www.viki.com/tv/728c-attic-cat,728c,9.01,127
God’s Gift - 14 Days,https://www.viki.com/tv/22591c-gods-gift-14-days,22591c,9.26,459
Hold Me Tight,https://www.viki.com/tv/35785c-hold-me-tight,35785c,7.32,191
KBS Drama Special: White Christmas,https://www.viki.com/tv/30045c-kbs-drama-special-white-christmas,30045c,9.6,562
Grudge: The Revolt of Gumiho,https://www.viki.com/tv/1343c-grudge-the-revolt-of-gumiho,1343c,8.6,103
Love Cells 1,https://www.viki.com/tv/36428c-love-cells-1,36428c,8.84,25
Distorted,https://www.viki.com/tv/35482c-distorted,35482c,8.9,328
Music Bank K-Chart,https://www.viki.com/tv/35526c-music-bank-k-chart,35526c,9.25,24
My Wife Is Having an Affair This...,https://www.viki.com/tv/32576c-my-wife-is-having-an-affair-this-week,32576c,9.22,570
Traces of the Hand,https://www.viki.com/tv/34067c-traces-of-the-hand,34067c,6.92,247
Wanted,https://www.viki.com/tv/31880c-wanted,31880c,9.41,528
Dandelion Family,https://www.viki.com/tv/809c-dandelion-family,809c,8.66,32
Sister's Slam Dunk Season 2,https://www.viki.com/tv/34448c-sisters-slam-dunk-season-2,34448c,8.97,98
2018 MBC Drama Awards,https://www.viki.com/tv/36433c-2018-mbc-drama-awards,36433c,8.88,17
Real Men,https://www.viki.com/tv/32471c-real-men,32471c,7.51,57
A Word From Warm Heart,https://www.viki.com/tv/20295c-a-word-from-warm-heart,20295c,8.81,222
New Heart,https://www.viki.com/tv/29541c-new-heart,29541c,8.67,93
Show! Music Core,https://www.viki.com/tv/35548c-show-music-core,35548c,8.88,33
Phoenix,https://www.viki.com/tv/29539c-phoenix,29539c,8.87,78
The Partner,https://www.viki.com/tv/337c-the-partner,337c,8.89,112
Queen of Reversals,https://www.viki.com/tv/1717c-queen-of-reversals,1717c,8.95,98
Immortal Classic,https://www.viki.com/tv/7360c-immortal-classic,7360c,9.13,91
A New Leaf,https://www.viki.com/tv/23421c-a-new-leaf,23421c,7.91,116
Secret,https://www.viki.com/tv/29550c-secret,29550c,8.26,39
Midnight's Girl,https://www.viki.com/tv/27372c-midnights-girl,27372c,9.08,597
2018 KBS Drama Awards,https://www.viki.com/tv/36432c-2018-kbs-drama-awards,36432c,8.54,13
Romance Blue,https://www.viki.com/tv/31100c-romance-blue,31100c,8.66,494
Cinderella Man,https://www.viki.com/tv/24342c-cinderella-man,24342c,7.91,115
109 Strange Things,https://www.viki.com/tv/35676c-109-strange-things,35676c,8.33,411
2016 Idol Star Athletics Champio...,https://www.viki.com/tv/35800c-2016-idol-star-athletics-championships-new-year-special,35800c,7.9,39
God’s Workplace,https://www.viki.com/tv/36083c-gods-workplace,36083c,8.85,41
to. Jenny,https://www.viki.com/tv/36117c-to-jenny,36117c,9.69,389
I Am,https://www.viki.com/tv/35565c-i-am,35565c,8.63,824
2017 Idol Star Athletics Champio...,https://www.viki.com/tv/35798c-2017-idol-star-athletics-championships-new-year-special,35798c,7.9,41
Swan,https://www.viki.com/tv/35807c-swan,35807c,7.14,49
When It's at Night,https://www.viki.com/tv/29481c-when-its-at-night,29481c,9.13,100
Golden Cross,https://www.viki.com/tv/22546c-golden-cross,22546c,8.61,72
Pops in Seoul,https://www.viki.com/tv/24570c-pops-in-seoul,24570c,8.82,84
Into the Sunlight,https://www.viki.com/tv/29496c-into-the-sunlight,29496c,9.06,65
One Fine Day,https://www.viki.com/tv/29618c-one-fine-day,29618c,7.62,99
Idol King of Cooking,https://www.viki.com/tv/36080c-idol-king-of-cooking,36080c,8.58,62
E-news Exclusive,https://www.viki.com/tv/36215c-e-news-exclusive,36215c,8.82,11
Where On Earth??,https://www.viki.com/tv/36095c-where-on-earth,36095c,9.72,85
Marry Him If You Dare,https://www.viki.com/tv/20713c-marry-him-if-you-dare,20713c,7.81,423
9 End 2 Outs,https://www.viki.com/tv/29484c-9-end-2-outs,29484c,8.85,113
School Attack 2018,https://www.viki.com/tv/36383c-school-attack-2018,36383c,9.2,15
My Love Patzzi,https://www.viki.com/tv/29465c-my-love-patzzi,29465c,8.28,96
Beethoven Virus,https://www.viki.com/tv/24c-beethoven-virus,24c,8.86,184
Royal Family,https://www.viki.com/tv/2655c-royal-family,2655c,8.13,69
Que Sera Sera,https://www.viki.com/tv/29619c-que-sera-sera,29619c,8.26,144
Master: God of Noodles,https://www.viki.com/tv/28427c-master-god-of-noodles,28427c,9.19,264
Section TV Entertainment News,https://www.viki.com/tv/36214c-section-tv-entertainment-news,36214c,8.2,10
Cain and Abel,https://www.viki.com/tv/104c-cain-and-abel,104c,9.45,249
Three Days,https://www.viki.com/tv/12697c-three-days,12697c,9.09,238
Tamra the Island,https://www.viki.com/tv/423c-tamra-the-island,423c,8.53,160
H.I.T.,https://www.viki.com/tv/29479c-hit,29479c,9.13,46
Truth,https://www.viki.com/tv/29487c-truth,29487c,9.1,63
Matchmaker’s Lover,https://www.viki.com/tv/35533c-matchmakers-lover,35533c,8.58,38
2014 Idol Star Athletics Champio...,https://www.viki.com/tv/36081c-2014-idol-star-athletics-championships-new-year-special,36081c,9.44,18
Who Are You?,https://www.viki.com/tv/29473c-who-are-you,29473c,9.14,94
Bad Boy,https://www.viki.com/tv/773c-bad-boy,773c,8.53,111
Spark,https://www.viki.com/tv/32156c-spark,32156c,8.31,382
Heaven's Garden,https://www.viki.com/tv/6669c-heavens-garden,6669c,8.97,115
Shin Don,https://www.viki.com/tv/29489c-shin-don,29489c,8.14,7
Photo People in Paris,https://www.viki.com/tv/36195c-photo-people-in-paris,36195c,9.05,37
Secret Door,https://www.viki.com/tv/22703c-secret-door,22703c,8.52,96
Old Goodbye,https://www.viki.com/tv/29568c-old-goodbye,29568c,9.35,503
The Color of a Woman,https://www.viki.com/tv/6261c-the-color-of-a-woman,6261c,7.46,237
The Boss is Watching,https://www.viki.com/tv/36084c-the-boss-is-watching,36084c,6.56,18
Short,https://www.viki.com/tv/35778c-short,35778c,9.34,412
Eating Existence,https://www.viki.com/tv/29780c-eating-existence,29780c,7.95,245
Borg Mom,https://www.viki.com/tv/35623c-borg-mom,35623c,7.89,131
"Sweet, Savage Family",https://www.viki.com/tv/29161c-sweet-savage-family,29161c,9.14,141
2018 SBS Entertainment Awards,https://www.viki.com/tv/36438c-2018-sbs-entertainment-awards,36438c,8.8,20
Wanna One Go,https://www.viki.com/tv/35874c-wanna-one-go,35874c,9.65,95
Women in the Sun,https://www.viki.com/tv/35539c-women-in-the-sun,35539c,8.85,34
Scarlet Letter,https://www.viki.com/tv/29493c-scarlet-letter,29493c,7.24,17
Get Karl! Oh Soo Jung,https://www.viki.com/tv/35529c-get-karl-oh-soo-jung,35529c,9,30
Bad Couple,https://www.viki.com/tv/35530c-bad-couple,35530c,8.28,53
Punch,https://www.viki.com/tv/25771c-punch,25771c,9.36,159
No Limit,https://www.viki.com/tv/435c-no-limit,435c,8.66,74
Goodbye Dear Wife,https://www.viki.com/tv/8037c-goodbye-dear-wife,8037c,8.68,120
Snowman,https://www.viki.com/tv/29486c-snowman,29486c,7.65,57
Next,https://www.viki.com/tv/29472c-next,29472c,7.5,52
Winter Bird,https://www.viki.com/tv/655c-winter-bird,655c,7.26,39
The Lawyers of the Great Republi...,https://www.viki.com/tv/29477c-the-lawyers-of-the-great-republic-of-korea,29477c,8.85,46
Love Cells 2,https://www.viki.com/tv/36429c-love-cells-2,36429c,8.71,17
Sign,https://www.viki.com/tv/35542c-sign,35542c,8.97,34
"Again, My Love",https://www.viki.com/tv/35540c-again-my-love,35540c,8.63,8
Girls’ Generation 1979,https://www.viki.com/tv/35591c-girls-generation-1979,35591c,9.46,178
2016 Idol Star Athletics Champio...,https://www.viki.com/tv/35799c-2016-idol-star-athletics-championships-chuseok-special,35799c,8.32,37
Soul,https://www.viki.com/tv/29548c-soul,29548c,8.55,87
La Dolce Vita,https://www.viki.com/tv/29475c-la-dolce-vita,29475c,8.81,42
Star’s Lover,https://www.viki.com/tv/35535c-stars-lover,35535c,9.13,54
Sweet Spy,https://www.viki.com/tv/29537c-sweet-spy,29537c,8.79,90
Queen of Housewives,https://www.viki.com/tv/138c-queen-of-housewives,138c,8.61,61
"90 Days, Time to Love",https://www.viki.com/tv/29463c-90-days-time-to-love,29463c,8.93,46
Duet Song Festival,https://www.viki.com/tv/32474c-duet-song-festival,32474c,9.09,33
Seoul International Drama Awards...,https://www.viki.com/tv/36304c-seoul-international-drama-awards-2018,36304c,7.5,6
Birdie Buddy,https://www.viki.com/tv/1007c-birdie-buddy,1007c,7.14,117
Surgeon Bong Dal Hee,https://www.viki.com/tv/35532c-surgeon-bong-dal-hee,35532c,8.58,36
Soulmate,https://www.viki.com/tv/29536c-soulmate,29536c,8.38,66
Super Rookie,https://www.viki.com/tv/29535c-super-rookie,29535c,8.63,30
Be Arrogant,https://www.viki.com/tv/25807c-be-arrogant,25807c,8.36,302
"Good Job, Good Job",https://www.viki.com/tv/29620c-good-job-good-job,29620c,7.39,36
Dunia: Into a New World,https://www.viki.com/tv/36079c-dunia-into-a-new-world,36079c,8.54,74
Boarding House 24,https://www.viki.com/tv/24873c-boarding-house-24,24873c,8.92,239
The Secret Lover,https://www.viki.com/tv/29488c-the-secret-lover,29488c,8.63,30
Spotlight,https://www.viki.com/tv/29544c-spotlight,29544c,9.09,34
You Are Too Much,https://www.viki.com/tv/35519c-you-are-too-much,35519c,6.41,44
Wizard of Nowhere,https://www.viki.com/tv/35574c-wizard-of-nowhere,35574c,9.12,41
The Traveler’s Guide to My Room,https://www.viki.com/tv/35649c-the-travelers-guide-to-my-room,35649c,9.38,24
General Hospital 2,https://www.viki.com/tv/29545c-general-hospital-2,29545c,9.17,23
The Lucifer,https://www.viki.com/tv/35556c-the-lucifer,35556c,7.9,60
28 Faces of the Moon,https://www.viki.com/tv/28243c-28-faces-of-the-moon,28243c,5.68,143
The Blue Sea,https://www.viki.com/tv/36248c-the-blue-sea,36248c,6.43,40
Air City,https://www.viki.com/tv/29546c-air-city,29546c,8.6,40
2015 Idol Star Athletics Champio...,https://www.viki.com/tv/36082c-2015-idol-star-athletics-championships-chuseok-special,36082c,8.31,16
The Queen of Office,https://www.viki.com/tv/12068c-the-queen-of-office,12068c,9.03,40
Eat in Style,https://www.viki.com/tv/36250c-eat-in-style,36250c,9.04,24
2018 KBS Entertainment Awards,https://www.viki.com/tv/36430c-2018-kbs-entertainment-awards,36430c,8.36,11
Hello! My Lady,https://www.viki.com/tv/35531c-hello-my-lady,35531c,8.73,41
My Little Kitchen Season 1,https://www.viki.com/tv/28607c-my-little-kitchen-season-1,28607c,9.11,38
2018 MBC Entertainment Awards,https://www.viki.com/tv/36431c-2018-mbc-entertainment-awards,36431c,9.33,3
2017 KBS Drama Awards,https://www.viki.com/tv/35752c-2017-kbs-drama-awards,35752c,8.2,45
JYP’s Party People,https://www.viki.com/tv/35573c-jyps-party-people,35573c,8.74,54
Under the Black Moonlight,https://www.viki.com/tv/28633c-under-the-black-moonlight,28633c,7.57,136
The Golden Empire,https://www.viki.com/tv/9344c-the-golden-empire,9344c,7.73,26
"Woman of Matchless Beauty, Park ...",https://www.viki.com/tv/29480c-woman-of-matchless-beauty-park-jung-kum,29480c,8.57,21
Magic Cell Phone,https://www.viki.com/tv/30502c-magic-cell-phone,30502c,7.21,122
Behind the White Tower,https://www.viki.com/tv/29478c-behind-the-white-tower,29478c,8.4,35
On Air,https://www.viki.com/tv/35536c-on-air,35536c,7.67,12
Birth Secret,https://www.viki.com/tv/12452c-birth-secret,12452c,8.12,25
Tong: Memories,https://www.viki.com/tv/32740c-tong-memories,32740c,8.43,90
Baek Hee Has Returned,https://www.viki.com/tv/31791c-baek-hee-has-returned,31791c,9.34,169
Naughty Boy,https://www.viki.com/tv/36245c-naughty-boy,36245c,8.55,84
Jumping Girl,https://www.viki.com/tv/27211c-jumping-girl,27211c,7.73,300
"Friend, Our Legend",https://www.viki.com/tv/29474c-friend-our-legend,29474c,8.18,17
Tazza,https://www.viki.com/tv/35538c-tazza,35538c,8.81,26
Cheers To Me,https://www.viki.com/tv/28972c-cheers-to-me,28972c,6.19,69
2017 MBC Drama Awards,https://www.viki.com/tv/35754c-2017-mbc-drama-awards,35754c,8.86,28
Home Sweet Home,https://www.viki.com/tv/1686c-home-sweet-home,1686c,7.15,20
Food Truck,https://www.viki.com/tv/35554c-food-truck,35554c,9.44,9
2015 Idol Star Athletics Champio...,https://www.viki.com/tv/36252c-2015-idol-star-athletics-championships-new-year-special,36252c,9.8,5
Secretly Greatly,https://www.viki.com/tv/33808c-secretly-greatly,33808c,8.8,30
Medical Brothers,https://www.viki.com/tv/29490c-medical-brothers,29490c,7.71,17
2017 SBS Gayo Daejeon_Music Fest...,https://www.viki.com/tv/35756c-2017-sbs-gayo-daejeon_music-festival,35756c,9.08,60
Seoul International Drama Awards...,https://www.viki.com/tv/35628c-seoul-international-drama-awards-2017,35628c,8.94,17
2017 SBS Drama Awards,https://www.viki.com/tv/35758c-2017-sbs-drama-awards,35758c,7.96,24
EXIT,https://www.viki.com/tv/35882c-exit,35882c,9.02,122
Riders: Catch Tomorrow,https://www.viki.com/tv/29264c-riders-catch-tomorrow,29264c,8.94,144
Miss Ripley,https://www.viki.com/tv/3339c-miss-ripley,3339c,7.79,97
Dr. Gang,https://www.viki.com/tv/29471c-dr-gang,29471c,8.29,31
Falling for Challenge,https://www.viki.com/tv/29359c-falling-for-challenge,29359c,9.16,1296
History of the Salaryman,https://www.viki.com/tv/6004c-history-of-the-salaryman,6004c,9.34,115
Tamra the Island (Director's Cut),https://www.viki.com/tv/1395c-tamra-the-island-directors-cut,1395c,8.85,84
Dalja’s Spring,https://www.viki.com/tv/35571c-daljas-spring,35571c,8.84,58
Babysitter,https://www.viki.com/tv/35546c-babysitter,35546c,8.5,36
12th Annual Soompi Awards,https://www.viki.com/tv/33875c-12th-annual-soompi-awards,33875c,9.7,30
Girl’s War,https://www.viki.com/tv/34444c-girls-war,34444c,7.72,64
2017 KBS Song Festival,https://www.viki.com/tv/35751c-2017-kbs-song-festival,35751c,8.66,32
Bing Goo,https://www.viki.com/tv/34053c-bing-goo,34053c,9.29,204
Puck,https://www.viki.com/tv/29666c-puck,29666c,9.4,329
Fan Heart Attack Idol TV,https://www.viki.com/tv/35669c-fan-heart-attack-idol-tv,35669c,7.79,24
2017 MBC Music Festival,https://www.viki.com/tv/35755c-2017-mbc-music-festival,35755c,8.79,48
Love Frequency 37.2,https://www.viki.com/tv/26010c-love-frequency-372,26010c,7.89,73
Over the Rainbow,https://www.viki.com/tv/29464c-over-the-rainbow,29464c,8.33,12
My Sweet City,https://www.viki.com/tv/35534c-my-sweet-city,35534c,7.9,10
Idol Drama Operation Team,https://www.viki.com/tv/36115c-idol-drama-operation-team,36115c,8.17,18
Merry Mary,https://www.viki.com/tv/29482c-merry-mary,29482c,8.44,16
Heroes,https://www.viki.com/tv/35502c-heroes,35502c,6.38,26
Why Couldn’t You Get Married?,https://www.viki.com/tv/29898c-why-couldnt-you-get-married,29898c,7.71,17
My Little Kitchen Season 2,https://www.viki.com/tv/28629c-my-little-kitchen-season-2,28629c,9,12
Ballerino,https://www.viki.com/tv/29375c-ballerino,29375c,9.62,266
Moon Hee,https://www.viki.com/tv/29495c-moon-hee,29495c,8.17,6
Special Investigation Team,https://www.viki.com/tv/29494c-special-investigation-team,29494c,8.45,20
Fortuneteller’s Secret Recipe,https://www.viki.com/tv/34445c-fortunetellers-secret-recipe,34445c,7.19,162
Light and Shadow,https://www.viki.com/tv/35666c-light-and-shadow,35666c,9.33,9
Hyena on the Keyboard,https://www.viki.com/tv/35634c-hyena-on-the-keyboard,35634c,9.32,19
Typically Women,https://www.viki.com/tv/29897c-typically-women,29897c,7.78,27
Wanna City,https://www.viki.com/tv/35650c-wanna-city,35650c,9.59,80
2018 Changwon K-POP World Festival,https://www.viki.com/tv/36353c-2018-changwon-k-pop-world-festival,36353c,8.2,5
SBS Super Concert in Suwon,https://www.viki.com/tv/36351c-sbs-super-concert-in-suwon,36351c,7,3
Ruler of Your Own World,https://www.viki.com/tv/29549c-ruler-of-your-own-world,29549c,7.83,29
Little Too Crazy,https://www.viki.com/tv/35703c-little-too-crazy,35703c,9.11,9
KPOP WORLD FESTIVAL 2017 in Chan...,https://www.viki.com/tv/35660c-kpop-world-festival-2017-in-changwon,35660c,8.17,24
KARA Project,https://www.viki.com/tv/24181c-kara-project,24181c,8.94,31
Before and After: Plastic Surger...,https://www.viki.com/tv/29492c-before-and-after-plastic-surgery-clinic,29492c,7.39,18
It's Okay Because I Am A Mom,https://www.viki.com/tv/35500c-its-okay-because-i-am-a-mom,35500c,9.36,25
Big Heat,https://www.viki.com/tv/29907c-big-heat,29907c,9.02,42
Swan Club,https://www.viki.com/tv/35648c-swan-club,35648c,8.89,18
YoGoBaLa,https://www.viki.com/tv/36387c-yogobala,36387c,8.71,7
Auction House,https://www.viki.com/tv/29476c-auction-house,29476c,8.71,7
Wanna One Premier Show-Con,https://www.viki.com/tv/35575c-wanna-one-premier-show-con,35575c,9.2,123
Modern Housewives,https://www.viki.com/tv/29467c-modern-housewives,29467c,7.6,5
Shindong's Kick Service,https://www.viki.com/tv/36197c-shindongs-kick-service,36197c,9.54,13
DMCF 2018,https://www.viki.com/tv/36305c-dmcf-2018,36305c,8.6,5
My Little Television,https://www.viki.com/tv/32473c-my-little-television,32473c,7.29,7
Topp Dogg: All-Kill,https://www.viki.com/tv/32172c-topp-dogg-all-kill,32172c,9.58,50
The Road to Seoul,https://www.viki.com/tv/28603c-the-road-to-seoul,28603c,7.83,6
I Came Alone,https://www.viki.com/tv/35647c-i-came-alone,35647c,8.89,9
Assembly,https://www.viki.com/tv/27882c-assembly,27882c,8.7,40
2017 SBS Entertainment Awards,https://www.viki.com/tv/35757c-2017-sbs-entertainment-awards,35757c,8.71,7
Ricky Traveling Alone,https://www.viki.com/tv/35674c-ricky-traveling-alone,35674c,8.71,7
2016 DMC Festival,https://www.viki.com/tv/33386c-2016-dmc-festival,33386c,8.38,8
All Broadcasts of the World,https://www.viki.com/tv/35487c-all-broadcasts-of-the-world,35487c,7.92,12
2017 MBC Entertainment Awards,https://www.viki.com/tv/35753c-2017-mbc-entertainment-awards,35753c,9.33,3
Join Us Korea,https://www.viki.com/tv/28606c-join-us-korea,28606c,4.63,16
LC9's Life of Research,https://www.viki.com/tv/21987c-lc9s-life-of-research,21987c,9,10
The Seg 101 Express,https://www.viki.com/tv/2048c-the-seg-101-express,2048c,6,3
